{
  "parent": "item/generated",
  "textures": {
    "layer0": "item/glow_item_frame"
    },
    "overrides": [
    {"predicate": {"custom_model_data":1727}, "model": "item/dev_desk"},
    {"predicate": {"custom_model_data":1728}, "model": "item/spell_blocker"},
    {"predicate": {"custom_model_data":1729}, "model": "item/comet_block"},
    {"predicate": {"custom_model_data":5842002}, "model": "item/magical_crafting_table"},
    {"predicate": {"custom_model_data":5842003}, "model": "item/magical_flower_block"},
    {"predicate": {"custom_model_data":5842005}, "model": "item/magical_flower_item"}
    ]
}