{
  "parent": "minecraft:block/jigsaw",
  "textures": {
    "layer0": "minecraft:block/jigsaw"
    },
    "overrides": [
    {"predicate": {"custom_model_data":1725}, "model": "item/ender_core"},
    {"predicate": {"custom_model_data":1726}, "model": "item/blaze_core"},
    {"predicate": {"custom_model_data":1727}, "model": "item/explosive_core"},
    {"predicate": {"custom_model_data":1728}, "model": "item/ice_spike"},
    {"predicate": {"custom_model_data":1729}, "model": "item/frozen_core"},
    {"predicate": {"custom_model_data":1730}, "model": "item/attunement_shards/cost"},
    {"predicate": {"custom_model_data":1731}, "model": "item/attunement_shards/slots"},
    {"predicate": {"custom_model_data":1732}, "model": "item/attunement_shards/range"},
    {"predicate": {"custom_model_data":1733}, "model": "item/attunement_shards/maximum"},
    {"predicate": {"custom_model_data":1734}, "model": "item/attunement_shards/regen"}
  ]
}