{
	"credit": "Made with Blockbench",
	"textures": {
		"0": "item/spell_rays/default",
		"particle": "item/spell_rays/default"
	},
	"elements": [
		{
			"from": [7.5, -1, 6],
			"to": [8.5, 0, 9],
			"faces": {
				"north": {"uv": [0, 4, 4, 8], "texture": "#0"},
				"east": {"uv": [0, 12, 4, 16], "texture": "#0"},
				"south": {"uv": [4, 4, 8, 8], "texture": "#0"},
				"west": {"uv": [0, 0, 4, 4], "texture": "#0"},
				"up": {"uv": [4, 16, 0, 12], "rotation": 270, "texture": "#0"},
				"down": {"uv": [4, 12, 0, 16], "rotation": 90, "texture": "#0"}
			}
		},
		{
			"from": [9.5, -1, 6],
			"to": [10.5, 0, 9],
			"faces": {
				"north": {"uv": [0, 4, 4, 8], "texture": "#0"},
				"east": {"uv": [4, 0, 8, 4], "texture": "#0"},
				"south": {"uv": [4, 4, 8, 8], "texture": "#0"},
				"west": {"uv": [0, 12, 4, 16], "texture": "#0"},
				"up": {"uv": [4, 16, 0, 12], "rotation": 270, "texture": "#0"},
				"down": {"uv": [4, 12, 0, 16], "rotation": 90, "texture": "#0"}
			}
		},
		{
			"name": "middle lol",
			"from": [8.5, -1, 6],
			"to": [9.5, 0, 8],
			"faces": {
				"north": {"uv": [13, 14, 14, 15], "texture": "#0"},
				"east": {"uv": [14, 13, 15, 14], "texture": "#0"},
				"south": {"uv": [14, 14, 15, 15], "texture": "#0"},
				"west": {"uv": [13, 13, 14, 14], "texture": "#0"},
				"up": {"uv": [14, 16, 13, 15], "rotation": 270, "texture": "#0"},
				"down": {"uv": [16, 13, 15, 14], "rotation": 90, "texture": "#0"}
			}
		},
		{
			"from": [8.5, -1, 8],
			"to": [9.5, 0, 9],
			"faces": {
				"north": {"uv": [0, 12, 4, 16], "texture": "#0"},
				"east": {"uv": [0, 12, 4, 16], "texture": "#0"},
				"south": {"uv": [4, 4, 8, 8], "texture": "#0"},
				"west": {"uv": [0, 12, 4, 16], "texture": "#0"},
				"up": {"uv": [4, 16, 0, 12], "rotation": 270, "texture": "#0"},
				"down": {"uv": [4, 12, 0, 16], "rotation": 90, "texture": "#0"}
			}
		},
		{
			"from": [7.5, 0, 6],
			"to": [10.5, 1, 9],
			"faces": {
				"north": {"uv": [0, 4, 4, 8], "texture": "#0"},
				"east": {"uv": [4, 0, 8, 4], "texture": "#0"},
				"south": {"uv": [4, 4, 8, 8], "texture": "#0"},
				"west": {"uv": [0, 0, 4, 4], "texture": "#0"},
				"up": {"uv": [4, 12, 0, 8], "rotation": 270, "texture": "#0"},
				"down": {"uv": [12, 0, 8, 4], "rotation": 90, "texture": "#0"}
			}
		},
		{
			"from": [7.5, -2, 6],
			"to": [10.5, -1, 9],
			"faces": {
				"north": {"uv": [0, 4, 4, 8], "texture": "#0"},
				"east": {"uv": [4, 0, 8, 4], "texture": "#0"},
				"south": {"uv": [4, 4, 8, 8], "texture": "#0"},
				"west": {"uv": [0, 0, 4, 4], "texture": "#0"},
				"up": {"uv": [4, 16, 0, 12], "rotation": 270, "texture": "#0"},
				"down": {"uv": [12, 0, 8, 4], "rotation": 90, "texture": "#0"}
			}
		}
	],
	"groups": [
		{
			"name": "group",
			"origin": [0, 0, 0],
			"color": 0,
			"children": [0, 1, 2, 3, 4, 5]
		}
	]
}