{
    "providers": [
        {
            "type": "bitmap",
            "file": "minecraft:item/font/spell_display_icons.png",
            "ascent": 14,
            "height": 32,
            "chars": [
                    "?!abcdef",
                    "ghijklmn",
                    "opqrstuv",
                    "wxyzABCD"
                ]
        },
        {
                "type": "space",
                "advances": {
                    "<": -24,
                    ">": 8
                }
        }
    ]
}


