{
    "replace": false,
    "providers": [
        {
            "type": "bitmap",
            "file": "minecraft:item/icons/mana_point_full.png",
            "ascent": -9,
            "height": 16,
            "chars": ["\uE001"]
        },
        {
            "type": "bitmap",
            "file": "minecraft:item/icons/mana_point_half.png",
            "ascent": -9,
            "height": 16,
            "chars": ["\uE002"]
        },
        {
            "type": "bitmap",
            "file": "minecraft:item/icons/mana_point_empty.png",
            "ascent": -9,
            "height": 16,
            "chars": ["\uE003"]
        },
        {
            "type": "bitmap",
            "file": "minecraft:item/icons/mana_point_full.png",
            "ascent": 1,
            "height": 16,
            "chars": ["\uE004"]
        },
        {
            "type": "bitmap",
            "file": "minecraft:item/icons/mana_point_half.png",
            "ascent": 1,
            "height": 16,
            "chars": ["\uE005"]
        },
        {
            "type": "bitmap",
            "file": "minecraft:item/icons/mana_point_empty.png",
            "ascent": 1,
            "height": 16,
            "chars": ["\uE006"]
        },
        {
            "type": "bitmap",
            "file": "minecraft:item/icons/attuned/regen/mana_point_full.png",
            "ascent": -9,
            "height": 16,
            "chars": ["\uE007"]
        },
        {
            "type": "bitmap",
            "file": "minecraft:item/icons/attuned/regen/mana_point_half.png",
            "ascent": -9,
            "height": 16,
            "chars": ["\uE008"]
        },
        {
            "type": "bitmap",
            "file": "minecraft:item/icons/attuned/regen/mana_point_empty.png",
            "ascent": -9,
            "height": 16,
            "chars": ["\uE009"]
        },
        {
            "type": "bitmap",
            "file": "minecraft:item/icons/attuned/regen/mana_point_full.png",
            "ascent": 1,
            "height": 16,
            "chars": ["\uE010"]
        },
        {
            "type": "bitmap",
            "file": "minecraft:item/icons/attuned/regen/mana_point_half.png",
            "ascent": 1,
            "height": 16,
            "chars": ["\uE011"]
        },
        {
            "type": "bitmap",
            "file": "minecraft:item/icons/attuned/regen/mana_point_empty.png",
            "ascent": 1,
            "height": 16,
            "chars": ["\uE012"]
        },
        {
            "type": "bitmap",
            "file": "minecraft:item/icons/attuned/maximum/mana_point_full.png",
            "ascent": -9,
            "height": 16,
            "chars": ["\uE013"]
        },
        {
            "type": "bitmap",
            "file": "minecraft:item/icons/attuned/maximum/mana_point_half.png",
            "ascent": -9,
            "height": 16,
            "chars": ["\uE014"]
        },
        {
            "type": "bitmap",
            "file": "minecraft:item/icons/attuned/maximum/mana_point_empty.png",
            "ascent": -9,
            "height": 16,
            "chars": ["\uE015"]
        },
        {
            "type": "bitmap",
            "file": "minecraft:item/icons/attuned/maximum/mana_point_full.png",
            "ascent": 1,
            "height": 16,
            "chars": ["\uE016"]
        },
        {
            "type": "bitmap",
            "file": "minecraft:item/icons/attuned/maximum/mana_point_half.png",
            "ascent": 1,
            "height": 16,
            "chars": ["\uE017"]
        },
        {
            "type": "bitmap",
            "file": "minecraft:item/icons/attuned/maximum/mana_point_empty.png",
            "ascent": 1,
            "height": 16,
            "chars": ["\uE018"]
        },
        {
            "type": "bitmap",
            "file": "minecraft:item/icons/flags/de.png",
            "ascent": 13,
            "height": 16,
            "chars": ["\uE051"]
        },
        {
            "type": "bitmap",
            "file": "minecraft:item/icons/flags/uk.png",
            "ascent": 12,
            "height": 16,
            "chars": ["\uE052"]
        },
        {
            "type": "bitmap",
            "file": "minecraft:item/icons/flags/us.png",
            "ascent": 12,
            "height": 16,
            "chars": ["\uE053"]
        },
        {
            "type": "bitmap",
            "file": "minecraft:item/icons/flags/in.png",
            "ascent": 12,
            "height": 16,
            "chars": ["\uE054"]
        },
        {
            "type": "bitmap",
            "file": "minecraft:item/spell_book.png",
            "ascent": 12,
            "height": 16,
            "chars": ["\uE101"]
        },
        {
            "type": "bitmap",
            "file": "minecraft:item/icons/links/modrinth.png",
            "ascent": 9,
            "height": 12,
            "width": 12,
            "chars": ["\uE201"]
        },
        {
            "type": "bitmap",
            "file": "minecraft:item/icons/links/flynecraft.png",
            "ascent": 8,
            "height": 8,
            "chars": ["\uE202"]
        },
        {
            "type": "bitmap",
            "file": "minecraft:item/icons/links/pmc.png",
            "ascent": 8,
            "height": 8,
            "chars": ["\uE203"]
        },
        {
            "type": "bitmap",
            "file": "minecraft:item/icons/links/loginatorv.png",
            "ascent": 8,
            "height": 8,
            "chars": ["\uE204"]
        },
        {
            "type": "bitmap",
            "file": "minecraft:item/icons/links/youtube.png",
            "ascent": 8,
            "height": 8,
            "chars": ["\uE205"]
        },
        {
            "type": "bitmap",
            "file": "minecraft:item/icons/links/whimzeee.png",
            "ascent": 8,
            "height": 8,
            "chars": ["\uE206"]
        },
        {
            "type": "bitmap",
            "file": "minecraft:item/icons/links/blip.png",
            "ascent": 8,
            "height": 8,
            "chars": ["\uE207"]
        },
        {
            "type": "bitmap",
            "file": "minecraft:item/icons/links/puckisilver.png",
            "ascent": 8,
            "height": 8,
            "chars": ["\uE208"]
        },
        {
            "type": "bitmap",
            "file": "minecraft:item/icons/links/oranamous.png",
            "ascent": 8,
            "height": 8,
            "chars": ["\uE209"]
        },
        {
            "type": "bitmap",
            "file": "minecraft:item/icons/links/silabear.png",
            "ascent": 8,
            "height": 8,
            "chars": ["\uE210"]
        },
        {
            "type": "bitmap",
            "file": "minecraft:item/icons/links/diamond.png",
            "ascent": 8,
            "height": 8,
            "chars": ["\uE211"]
        },
        {
            "type": "bitmap",
            "file": "minecraft:item/icons/links/bubblefish.png",
            "ascent": 8,
            "height": 8,
            "chars": ["\uE212"]
        },
        {
            "type": "bitmap",
            "file": "minecraft:item/icons/links/mythicaldream69.png",
            "ascent": 8,
            "height": 8,
            "chars": ["\uE213"]
        },        
        {
            "type": "bitmap",
            "file": "minecraft:item/icons/links/anas099.png",
            "ascent": 8,
            "height": 8,
            "chars": ["\uE214"]
        },
        {
            "type": "bitmap",
            "file": "minecraft:item/icons/links/undefined.png",
            "ascent": 8,
            "height": 8,
            "chars": ["\uE215"]
        },
        {
            "type": "bitmap",
            "file": "minecraft:item/gui/spell_display/none.png",
            "ascent": 12,
            "height": 64,
            "chars": ["\uE501"]
        },
        {
            "type": "bitmap",
            "file": "minecraft:item/gui/spell_display/default.png",
            "ascent": 12,
            "height": 64,
            "chars": ["\uE502"]
        },
        {
            "type": "bitmap",
            "file": "minecraft:item/gui/spell_display/ardo.png",
            "ascent": 12,
            "height": 64,
            "chars": ["\uE503"]
        },
        {
            "type": "bitmap",
            "file": "minecraft:item/gui/spell_display/wingardium_leviosa.png",
            "ascent": 12,
            "height": 64,
            "chars": ["\uE504"]
        },
        {
            "type": "bitmap",
            "file": "minecraft:item/gui/spell_display/auxiliare.png",
            "ascent": 12,
            "height": 64,
            "chars": ["\uE505"]
        },
        {
            "type": "bitmap",
            "file": "minecraft:item/gui/spell_display/commovus.png",
            "ascent": 12,
            "height": 64,
            "chars": ["\uE506"]
        },
        {
            "type": "bitmap",
            "file": "minecraft:item/gui/spell_display/amogius.png",
            "ascent": 12,
            "height": 64,
            "chars": ["\uE507"]
        },
        {
            "type": "bitmap",
            "file": "minecraft:item/gui/spell_display/aguamenti.png",
            "ascent": 12,
            "height": 64,
            "chars": ["\uE508"]
        },
        {
            "type": "bitmap",
            "file": "minecraft:item/gui/spell_display/attonus.png",
            "ascent": 12,
            "height": 64,
            "chars": ["\uE509"]
        },
        {
            "type": "bitmap",
            "file": "minecraft:item/gui/spell_display/circulum_sanitatem.png",
            "ascent": 12,
            "height": 64,
            "chars": ["\uE510"]
        },
        {
            "type": "bitmap",
            "file": "minecraft:item/gui/spell_display/consedo.png",
            "ascent": 12,
            "height": 64,
            "chars": ["\uE511"]
        },
        {
            "type": "bitmap",
            "file": "minecraft:item/gui/spell_display/ignis_temptates.png",
            "ascent": 12,
            "height": 64,
            "chars": ["\uE512"]
        },
        {
            "type": "bitmap",
            "file": "minecraft:item/gui/spell_display/iunior.png",
            "ascent": 12,
            "height": 64,
            "chars": ["\uE513"]
        },
        {
            "type": "bitmap",
            "file": "minecraft:item/gui/spell_display/terrae_motus.png",
            "ascent": 12,
            "height": 64,
            "chars": ["\uE514"]
        },
        {
            "type": "bitmap",
            "file": "minecraft:item/gui/spell_display/glacius.png",
            "ascent": 12,
            "height": 64,
            "chars": ["\uE515"]
        },
        {
            "type": "bitmap",
            "file": "minecraft:item/gui/spell_display/commovus_motus.png",
            "ascent": 12,
            "height": 64,
            "chars": ["\uE516"]
        },
        {
            "type": "bitmap",
            "file": "space:font/space_split.png",
            "ascent": -32768,
            "height": -3,
            "chars": [
                "\uF801"
            ]
        },
        {
            "type": "bitmap",
            "file": "space:font/space_split.png",
            "ascent": -32768,
            "height": -4,
            "chars": [
                "\uF801"
            ]
        },
        {
            "type": "bitmap",
            "file": "space:font/space_split.png",
            "ascent": -32768,
            "height": -5,
            "chars": [
                "\uF803"
            ]
        },
        {
            "type": "bitmap",
            "file": "space:font/space_split.png",
            "ascent": -32768,
            "height": -6,
            "chars": [
                "\uF804"
            ]
        },
        {
            "type": "bitmap",
            "file": "space:font/space_split.png",
            "ascent": -32768,
            "height": -7,
            "chars": [
                "\uF805"
            ]
        },
        {
            "type": "bitmap",
            "file": "space:font/space_split.png",
            "ascent": -32768,
            "height": -8,
            "chars": [
                "\uF806"
            ]
        },
        {
            "type": "bitmap",
            "file": "space:font/space_split.png",
            "ascent": -32768,
            "height": -9,
            "chars": [
                "\uF807"
            ]
        },
        {
            "type": "bitmap",
            "file": "space:font/space_split.png",
            "ascent": -32768,
            "height": -10,
            "chars": [
                "\uF808"
            ]
        },
        {
            "type": "bitmap",
            "file": "space:font/space_split.png",
            "ascent": -32768,
            "height": -18,
            "chars": [
                "\uF809"
            ]
        },
        {
            "type": "bitmap",
            "file": "space:font/space_split.png",
            "ascent": -32768,
            "height": -34,
            "chars": [
                "\uF80A"
            ]
        },
        {
            "type": "bitmap",
            "file": "space:font/space_split.png",
            "ascent": -32768,
            "height": -66,
            "chars": [
                "\uF80B"
            ]
        },
        {
            "type": "bitmap",
            "file": "space:font/space_split.png",
            "ascent": -32768,
            "height": -130,
            "chars": [
                "\uF80C"
            ]
        },
        {
            "type": "bitmap",
            "file": "space:font/space_split.png",
            "ascent": -32768,
            "height": -258,
            "chars": [
                "\uF80D"
            ]
        },
        {
            "type": "bitmap",
            "file": "space:font/space_split.png",
            "ascent": -32768,
            "height": -514,
            "chars": [
                "\uF80E"
            ]
        },
        {
            "type": "bitmap",
            "file": "space:font/space_split.png",
            "ascent": -32768,
            "height": -1026,
            "chars": [
                "\uF80F"
            ]
        },
        {
            "type": "bitmap",
            "file": "space:font/space_split.png",
            "ascent": -65536,
            "height": -32770,
            "chars": [
                "\uF800"
            ]
        },
        {
            "type": "bitmap",
            "file": "space:font/space_split.png",
            "ascent": -32768,
            "height": 0,
            "chars": [
                "\uF821"
            ]
        },
        {
            "type": "bitmap",
            "file": "space:font/space_split.png",
            "ascent": -32768,
            "height": 1,
            "chars": [
                "\uF822"
            ]
        },
        {
            "type": "bitmap",
            "file": "space:font/space_split.png",
            "ascent": -32768,
            "height": 2,
            "chars": [
                "\uF823"
            ]
        },
        {
            "type": "bitmap",
            "file": "space:font/space_split.png",
            "ascent": -32768,
            "height": 3,
            "chars": [
                "\uF824"
            ]
        },
        {
            "type": "bitmap",
            "file": "space:font/space_split.png",
            "ascent": -32768,
            "height": 4,
            "chars": [
                "\uF825"
            ]
        },
        {
            "type": "bitmap",
            "file": "space:font/space_split.png",
            "ascent": -32768,
            "height": 5,
            "chars": [
                "\uF826"
            ]
        },
        {
            "type": "bitmap",
            "file": "space:font/space_split.png",
            "ascent": -32768,
            "height": 6,
            "chars": [
                "\uF827"
            ]
        },
        {
            "type": "bitmap",
            "file": "space:font/space_split.png",
            "ascent": -32768,
            "height": 7,
            "chars": [
                "\uF828"
            ]
        },
        {
            "type": "bitmap",
            "file": "space:font/space_split.png",
            "ascent": -32768,
            "height": 15,
            "chars": [
                "\uF829"
            ]
        },
        {
            "type": "bitmap",
            "file": "space:font/space_split.png",
            "ascent": -32768,
            "height": 31,
            "chars": [
                "\uF82A"
            ]
        },
        {
            "type": "bitmap",
            "file": "space:font/space_split.png",
            "ascent": -32768,
            "height": 63,
            "chars": [
                "\uF82B"
            ]
        },
        {
            "type": "bitmap",
            "file": "space:font/space_split.png",
            "ascent": -32768,
            "height": 127,
            "chars": [
                "\uF82C"
            ]
        },
        {
            "type": "bitmap",
            "file": "space:font/space_split.png",
            "ascent": -32768,
            "height": 255,
            "chars": [
                "\uF82D"
            ]
        },
        {
            "type": "bitmap",
            "file": "space:font/space_split.png",
            "ascent": -32768,
            "height": 511,
            "chars": [
                "\uF82E"
            ]
        },
        {
            "type": "bitmap",
            "file": "space:font/space_split.png",
            "ascent": -32768,
            "height": 1023,
            "chars": [
                "\uF82F"
            ]
        },
        {
            "type": "bitmap",
            "file": "space:font/space_split.png",
            "ascent": -65536,
            "height": 32767,
            "chars": [
                "\uF820"
            ]
        },
        {
            "type": "bitmap",
            "file": "space:font/space_nosplit.png",
            "ascent": -32768,
            "height": -3,
            "chars": [
                "\uF811"
            ]
        },
        {
            "type": "bitmap",
            "file": "space:font/space_nosplit.png",
            "ascent": -32768,
            "height": -4,
            "chars": [
                "\uF812"
            ]
        },
        {
            "type": "bitmap",
            "file": "space:font/space_nosplit.png",
            "ascent": -32768,
            "height": -5,
            "chars": [
                "\uF813"
            ]
        },
        {
            "type": "bitmap",
            "file": "space:font/space_nosplit.png",
            "ascent": -32768,
            "height": -6,
            "chars": [
                "\uF814"
            ]
        },
        {
            "type": "bitmap",
            "file": "space:font/space_nosplit.png",
            "ascent": -32768,
            "height": -7,
            "chars": [
                "\uF815"
            ]
        },
        {
            "type": "bitmap",
            "file": "space:font/space_nosplit.png",
            "ascent": -32768,
            "height": -8,
            "chars": [
                "\uF816"
            ]
        },
        {
            "type": "bitmap",
            "file": "space:font/space_nosplit.png",
            "ascent": -32768,
            "height": -9,
            "chars": [
                "\uF817"
            ]
        },
        {
            "type": "bitmap",
            "file": "space:font/space_nosplit.png",
            "ascent": -32768,
            "height": -10,
            "chars": [
                "\uF818"
            ]
        },
        {
            "type": "bitmap",
            "file": "space:font/space_nosplit.png",
            "ascent": -32768,
            "height": -18,
            "chars": [
                "\uF819"
            ]
        },
        {
            "type": "bitmap",
            "file": "space:font/space_nosplit.png",
            "ascent": -32768,
            "height": -34,
            "chars": [
                "\uF81A"
            ]
        },
        {
            "type": "bitmap",
            "file": "space:font/space_nosplit.png",
            "ascent": -32768,
            "height": -66,
            "chars": [
                "\uF81B"
            ]
        },
        {
            "type": "bitmap",
            "file": "space:font/space_nosplit.png",
            "ascent": -32768,
            "height": -130,
            "chars": [
                "\uF81C"
            ]
        },
        {
            "type": "bitmap",
            "file": "space:font/space_nosplit.png",
            "ascent": -32768,
            "height": -258,
            "chars": [
                "\uF81D"
            ]
        },
        {
            "type": "bitmap",
            "file": "space:font/space_nosplit.png",
            "ascent": -32768,
            "height": -514,
            "chars": [
                "\uF81E"
            ]
        },
        {
            "type": "bitmap",
            "file": "space:font/space_nosplit.png",
            "ascent": -32768,
            "height": -1026,
            "chars": [
                "\uF81F"
            ]
        },
        {
            "type": "bitmap",
            "file": "space:font/space_nosplit.png",
            "ascent": -65536,
            "height": -32770,
            "chars": [
                "\uF810"
            ]
        },
        {
            "type": "bitmap",
            "file": "space:font/space_nosplit.png",
            "ascent": -32768,
            "height": 0,
            "chars": [
                "\uF831"
            ]
        },
        {
            "type": "bitmap",
            "file": "space:font/space_nosplit.png",
            "ascent": -32768,
            "height": 1,
            "chars": [
                "\uF832"
            ]
        },
        {
            "type": "bitmap",
            "file": "space:font/space_nosplit.png",
            "ascent": -32768,
            "height": 2,
            "chars": [
                "\uF833"
            ]
        },
        {
            "type": "bitmap",
            "file": "space:font/space_nosplit.png",
            "ascent": -32768,
            "height": 3,
            "chars": [
                "\uF834"
            ]
        },
        {
            "type": "bitmap",
            "file": "space:font/space_nosplit.png",
            "ascent": -32768,
            "height": 4,
            "chars": [
                "\uF835"
            ]
        },
        {
            "type": "bitmap",
            "file": "space:font/space_nosplit.png",
            "ascent": -32768,
            "height": 5,
            "chars": [
                "\uF836"
            ]
        },
        {
            "type": "bitmap",
            "file": "space:font/space_nosplit.png",
            "ascent": -32768,
            "height": 6,
            "chars": [
                "\uF837"
            ]
        },
        {
            "type": "bitmap",
            "file": "space:font/space_nosplit.png",
            "ascent": -32768,
            "height": 7,
            "chars": [
                "\uF838"
            ]
        },
        {
            "type": "bitmap",
            "file": "space:font/space_nosplit.png",
            "ascent": -32768,
            "height": 15,
            "chars": [
                "\uF839"
            ]
        },
        {
            "type": "bitmap",
            "file": "space:font/space_nosplit.png",
            "ascent": -32768,
            "height": 31,
            "chars": [
                "\uF83A"
            ]
        },
        {
            "type": "bitmap",
            "file": "space:font/space_nosplit.png",
            "ascent": -32768,
            "height": 63,
            "chars": [
                "\uF83B"
            ]
        },
        {
            "type": "bitmap",
            "file": "space:font/space_nosplit.png",
            "ascent": -32768,
            "height": 127,
            "chars": [
                "\uF83C"
            ]
        },
        {
            "type": "bitmap",
            "file": "space:font/space_nosplit.png",
            "ascent": -32768,
            "height": 255,
            "chars": [
                "\uF83D"
            ]
        },
        {
            "type": "bitmap",
            "file": "space:font/space_nosplit.png",
            "ascent": -32768,
            "height": 511,
            "chars": [
                "\uF83E"
            ]
        },
        {
            "type": "bitmap",
            "file": "space:font/space_nosplit.png",
            "ascent": -32768,
            "height": 1023,
            "chars": [
                "\uF83F"
            ]
        },
        {
            "type": "bitmap",
            "file": "space:font/space_nosplit.png",
            "ascent": -65536,
            "height": 32767,
            "chars": [
                "\uF830"
            ]
        }
    ]
}
