{
	"credit": "Made with Blockbench",
	"textures": {
		"0": "item/entities/texture",
		"particle": "item/entities/texture"
	},
	"elements": [
		{
			"from": [3, 0, 7],
			"to": [12, 2, 9],
			"faces": {
				"north": {"uv": [0, 0, 9, 2], "texture": "#0"},
				"east": {"uv": [0, 8, 2, 10], "texture": "#0"},
				"south": {"uv": [0, 2, 9, 4], "texture": "#0"},
				"west": {"uv": [2, 8, 4, 10], "texture": "#0"},
				"up": {"uv": [9, 6, 0, 4], "texture": "#0"},
				"down": {"uv": [9, 6, 0, 8], "texture": "#0"}
			}
		},
		{
			"from": [10, 2, 7],
			"to": [12, 4, 9],
			"faces": {
				"north": {"uv": [4, 8, 6, 10], "texture": "#0"},
				"east": {"uv": [6, 8, 8, 10], "texture": "#0"},
				"south": {"uv": [8, 8, 10, 10], "texture": "#0"},
				"west": {"uv": [9, 0, 11, 2], "texture": "#0"},
				"up": {"uv": [11, 4, 9, 2], "texture": "#0"},
				"down": {"uv": [11, 4, 9, 6], "texture": "#0"}
			}
		},
		{
			"from": [3, 2, 7],
			"to": [5, 4, 9],
			"faces": {
				"north": {"uv": [9, 6, 11, 8], "texture": "#0"},
				"east": {"uv": [0, 10, 2, 12], "texture": "#0"},
				"south": {"uv": [2, 10, 4, 12], "texture": "#0"},
				"west": {"uv": [4, 10, 6, 12], "texture": "#0"},
				"up": {"uv": [8, 12, 6, 10], "texture": "#0"},
				"down": {"uv": [10, 10, 8, 12], "texture": "#0"}
			}
		},
		{
			"from": [3, 2, 7],
			"to": [5, 4, 9],
			"faces": {
				"north": {"uv": [0, 12, 2, 14], "texture": "#0"},
				"east": {"uv": [2, 12, 4, 14], "texture": "#0"},
				"south": {"uv": [4, 12, 6, 14], "texture": "#0"},
				"west": {"uv": [6, 12, 8, 14], "texture": "#0"},
				"up": {"uv": [10, 14, 8, 12], "texture": "#0"},
				"down": {"uv": [14, 8, 12, 10], "texture": "#0"}
			}
		},
		{
			"from": [4, 8, 7],
			"to": [6, 10, 9],
			"faces": {
				"north": {"uv": [10, 12, 12, 14], "texture": "#0"},
				"east": {"uv": [12, 10, 14, 12], "texture": "#0"},
				"south": {"uv": [12, 12, 14, 14], "texture": "#0"},
				"west": {"uv": [13, 0, 15, 2], "texture": "#0"},
				"up": {"uv": [15, 4, 13, 2], "texture": "#0"},
				"down": {"uv": [15, 4, 13, 6], "texture": "#0"}
			}
		},
		{
			"from": [9, 8, 7],
			"to": [11, 10, 9],
			"faces": {
				"north": {"uv": [10, 8, 12, 10], "texture": "#0"},
				"east": {"uv": [10, 10, 12, 12], "texture": "#0"},
				"south": {"uv": [11, 0, 13, 2], "texture": "#0"},
				"west": {"uv": [11, 2, 13, 4], "texture": "#0"},
				"up": {"uv": [13, 6, 11, 4], "texture": "#0"},
				"down": {"uv": [13, 6, 11, 8], "texture": "#0"}
			}
		}
	]
}